<application>
  <component name="PhpInterpreters">
    <interpreters>
      <interpreter id="65f35cdd-0300-48e5-b6ec-6680b2762f34" name="PHP" home="/opt/homebrew/bin/php" debugger_id="php.debugger.XDebug" />
    </interpreters>
  </component>
  <component name="PhpInterpretersPhpInfoCache">
    <phpInfoCache>
      <interpreter name="PHP">
        <phpinfo binary_type="PHP" php_cgi="/opt/homebrew/Cellar/php/8.1.10_1/bin/php-cgi" php_cli="/opt/homebrew/Cellar/php/8.1.10_1/bin/php" path_separator=":" version="8.1.10">
          <additional_php_ini>/opt/homebrew/etc/php/8.1/conf.d/error_log.ini, /opt/homebrew/etc/php/8.1/conf.d/ext-opcache.ini, /opt/homebrew/etc/php/8.1/conf.d/php-memory-limits.ini</additional_php_ini>
          <configuration_file>/opt/homebrew/etc/php/8.1/php.ini</configuration_file>
          <configuration_options>
            <configuration_option name="include_path" value=".:/opt/homebrew/Cellar/php/8.1.10_1/share/php/pear" />
          </configuration_options>
          <debuggers />
          <loaded_extensions>
            <extension name="Core" />
            <extension name="FFI" />
            <extension name="PDO" />
            <extension name="PDO_ODBC" />
            <extension name="Phar" />
            <extension name="Reflection" />
            <extension name="SPL" />
            <extension name="SimpleXML" />
            <extension name="Zend OPcache" />
            <extension name="bcmath" />
            <extension name="bz2" />
            <extension name="calendar" />
            <extension name="ctype" />
            <extension name="curl" />
            <extension name="date" />
            <extension name="dba" />
            <extension name="dom" />
            <extension name="exif" />
            <extension name="fileinfo" />
            <extension name="filter" />
            <extension name="ftp" />
            <extension name="gd" />
            <extension name="gettext" />
            <extension name="gmp" />
            <extension name="hash" />
            <extension name="iconv" />
            <extension name="intl" />
            <extension name="json" />
            <extension name="ldap" />
            <extension name="libxml" />
            <extension name="mbstring" />
            <extension name="memcached" />
            <extension name="mysqli" />
            <extension name="mysqlnd" />
            <extension name="odbc" />
            <extension name="openssl" />
            <extension name="pcntl" />
            <extension name="pcre" />
            <extension name="pdo_dblib" />
            <extension name="pdo_mysql" />
            <extension name="pdo_pgsql" />
            <extension name="pdo_sqlite" />
            <extension name="pgsql" />
            <extension name="posix" />
            <extension name="pspell" />
            <extension name="readline" />
            <extension name="session" />
            <extension name="shmop" />
            <extension name="soap" />
            <extension name="sockets" />
            <extension name="sodium" />
            <extension name="sqlite3" />
            <extension name="standard" />
            <extension name="sysvmsg" />
            <extension name="sysvsem" />
            <extension name="sysvshm" />
            <extension name="tidy" />
            <extension name="tokenizer" />
            <extension name="xml" />
            <extension name="xmlreader" />
            <extension name="xmlwriter" />
            <extension name="xsl" />
            <extension name="zip" />
            <extension name="zlib" />
          </loaded_extensions>
        </phpinfo>
      </interpreter>
    </phpInfoCache>
  </component>
  <component name="PhpSmartKeysConfiguration">
    <option name="selectVariableNameWithoutDollar" value="true" />
    <option name="smartFunctionParametersCompletion" value="true" />
  </component>
</application>