<application>
  <component name="DependencyUISettings">
    <option name="UI_SHOW_FILES" value="false" />
  </component>
  <component name="UISettings">
    <option name="EDITOR_TAB_PLACEMENT" value="0" />
    <option name="OPEN_IN_PREVIEW_TAB_IF_POSSIBLE" value="true" />
    <option name="OVERRIDE_NONIDEA_LAF_FONTS" value="true" />
    <option name="SHOW_NAVIGATION_BAR_MEMBERS" value="false" />
    <option name="SHOW_NAVIGATION_BAR" value="false" />
    <option name="SHOW_STATUS_BAR" value="false" />
  </component>
</application>