<keymap version="1" name="irsyadadl's keymaps" parent="Mac OS X 10.5+">
  <action id="ActivateTerminalToolWindow">
    <keyboard-shortcut first-keystroke="alt f12" />
    <keyboard-shortcut first-keystroke="meta t" />
  </action>
  <action id="ChangesView.ToggleCommitUi" />
  <action id="CheckinProject" />
  <action id="CollapseSelection" />
  <action id="CompareTwoFiles" />
  <action id="Console.TableResult.NextPage" />
  <action id="Console.TableResult.PreviousPage" />
  <action id="Console.TableResult.Reload" />
  <action id="Diff.ShowDiff" />
  <action id="Editor Cut">
    <keyboard-shortcut first-keystroke="meta x" />
  </action>
  <action id="EditorCloneCaretAbove">
    <keyboard-shortcut first-keystroke="meta alt up" />
  </action>
  <action id="EditorCloneCaretBelow">
    <keyboard-shortcut first-keystroke="meta alt down" />
  </action>
  <action id="EditorCut">
    <keyboard-shortcut first-keystroke="shift delete" />
  </action>
  <action id="EditorDeleteLine">
    <keyboard-shortcut first-keystroke="meta back_space" />
    <keyboard-shortcut first-keystroke="shift meta k" />
  </action>
  <action id="EditorDuplicate">
    <keyboard-shortcut first-keystroke="meta l" />
  </action>
  <action id="EditorJoinLines">
    <keyboard-shortcut first-keystroke="shift ctrl j" />
    <keyboard-shortcut first-keystroke="meta j" />
  </action>
  <action id="FileChooser.GotoDesktop" />
  <action id="FileChooser.TogglePathBar" />
  <action id="FileStructurePopup">
    <keyboard-shortcut first-keystroke="meta f12" />
    <keyboard-shortcut first-keystroke="meta r" />
  </action>
  <action id="Git.Commit.Stage" />
  <action id="Github.PullRequest.Comments.Reload" />
  <action id="Github.PullRequest.Details.Reload" />
  <action id="GotoFile">
    <keyboard-shortcut first-keystroke="meta p" />
  </action>
  <action id="GotoLine">
    <keyboard-shortcut first-keystroke="alt g" />
  </action>
  <action id="GotoRow" />
  <action id="InsertLiveTemplate" />
  <action id="NextOccurence" />
  <action id="ParameterInfo" />
  <action id="PreviousOccurence" />
  <action id="Refactorings.QuickListPopupAction">
    <keyboard-shortcut first-keystroke="meta period" />
  </action>
  <action id="Refresh" />
  <action id="ReopenClosedTab">
    <keyboard-shortcut first-keystroke="shift meta p" />
  </action>
  <action id="Replace">
    <keyboard-shortcut first-keystroke="meta k" second-keystroke="meta r" />
  </action>
  <action id="Rerun" />
  <action id="RunDashboard.CopyConfiguration" />
  <action id="SelectNextOccurrence">
    <keyboard-shortcut first-keystroke="ctrl g" />
    <keyboard-shortcut first-keystroke="meta d" />
  </action>
  <action id="SendEOF" />
  <action id="SurroundWithEmmet">
    <keyboard-shortcut first-keystroke="meta k" second-keystroke="meta w" />
  </action>
  <action id="Svn.RefreshWorkingCopies" />
  <action id="Terminal.ClearBuffer" />
  <action id="Vcs.Log.FocusTextFilter" />
  <action id="Vcs.Log.Refresh" />
  <action id="Vcs.Push" />
  <action id="Vcs.UpdateProject" />
  <action id="XDebugger.CopyWatch" />
  <action id="openAssertEqualsDiff" />
</keymap>